-- Agregar a los profesores de la academia de recursos naturales
INSERT INTO public.profesor(
id,version,nombre, apellidos, correo, grado, academia, descripcion)
VALUES
 (1,1,'Lucia Oralia', 'Leñero Almeida', 'lucia0950@ciencias.unam.mx', 'Doctorado', 'Sí', 'Doctora en Ciencias por la Universidad de Ámsterdam, Países Bajos. Maestra en Ciencias y Bióloga por la Facultad de Ciencias-UNAM. Es Profesor Titular B de Tiempo Completo definitivo en el Laboratorio de Ecosistemas de Montaña, Depto. de Ecología y Recursos Naturales, Facultad de Ciencias, UNAM. Con 30 años de trabajo en la región central de la Faja volcánica Transmexicana, es responsable co-responsable de proyectos multidisciplinarios de cuencas peri-urbanas como: Macroproyecto: Manejo de ecosistemas y desarrollo humano, Plan maestro de la cuenca del río Magdalena CDMX. Diagnósticos comunitarios participativos estrategia Bosque de Agua. Sus líneas de investigación son  diagnósticos socio-ambientales, manejo integrado de cuencas, servicios ecosistémicos, conservación de la vegetación, educación ambiental y monitoreo. Ha participado en congresos nacionales e internacionales. Es Autor, coautor, editor y revisor de artículos en revistas nacionales e internacionales, indizadas, de libros y libros colectivos. Ha participado en la elaboración de programas de cursos para la Licenciatura en Biología en la Facultad de Ciencias, UNAM. Ha realizado estancias de investigación en las Universidades: Ámsterdam, Holanda, Gales, Reino Unido y Autónoma de Barcelona. Ha dirigido 22 Tesis de licenciatura, 3 Reportes de trabajo profesional, 7 maestrías, 2 doctorados, 30 Revisiones tesis de licenciatura y participación en exámenes profesionales. Revisado y participado en exámenes: 10 reportes de trabajo profesional, 22 tesis maestría, 19 exámenes general de conocimientos, 9 en Doctorado y jurado examen y en 21 Jurado de candidatura al grado de doctor. Pertenece al Sistema Nacional de Investigadores Nivel I (SNI-1)'),
 (2,2,'Víctor Daniel', 'Ávila Akerberg','email_1@ciencias.unam.mx', 'Doctorado', 'Sí','Doctor en Recursos Naturales por la Universidad de Friburgo, Alemania, con Maestría en Restauración Ecológica y Licenciatura en Biología, las dos por la Universidad Nacional Autónoma de México, UNAM. Realizó una estancia posdoctoral en la Universidad Sueca de Ciencias Agrícolas. Es profesor e investigador de tiempo completo del Instituto de Ciencias Agropecuarias y Rurales de la Universidad Autónoma del Estado de México y profesor de asignatura A en la Facultad de Ciencias de la UNAM. Forma parte del Consorcio Internacional de Estudios Comparativos sobre Política Rural (ICRPS) y la Red de Socioecosistemas y Sustentabilidad. Actualmente desarrolla el proyecto “Biodiversidad y servicios ambientales en una cuenca periurbana de la Ciudad de México. Estrategias de valoración económica, conservación y aprovechamiento sustentable”, financiado por el Fondo Sectorial CONACyT-SEMARNAT. Tiene amplia experiencia en trabajo de campo en proyectos de manejo y conservación de recursos naturales, biodiversidad y servicios ambientales en bosques templados, turismo rural sustentable y educación ambiental (con acercamiento a más de 7,000 niños y jóvenes). Ha publicado artículos científicos y capítulos para libros a nivel nacional e internacional. Tiene más de 16 publicaciones en los últimos 10 años, dirige y ha dirigido 8 tesis de licenciatura, 4 de maestría y 2 de doctorado, ha participado como jurado en 24 exámenes profesionales: 11 a nivel licenciatura, 11 de maestría y 2 de doctorado.'),
 (3,3,' Kathleen', 'Babb Stanley','email_2@ciencias.unam.mx', 'Doctorado', 'Sí','Doctora en Ciencias por la UNAM, cursó Maestría en Ciencias y la Licenciatura en Biología en la Facultad de Ciencias, UNAM. Desde hace más de 35 años es docente a nivel licenciatura y de posgrado en el área de zoología, vertebrados, de ornitología y recursos naturales. Ha participado en diversos diplomados: Biología Para Profesores del Bachillerato de la UNAM y de Impacto Ambiental, UAM (Estudios de Fauna y su Aplicación en las EIA). Tiene más de 25 cursos extracurriculares, relacionados con el estudio, manejo y conservación de las aves, así como en diversos  cursos de capacitación para personal de la PROFEPA, SEMARNAP; para el Centro Nacional de Referencia en Roedores, Aves y Malezas, SAGARPA. Ha sido presidenta de la Sociedad Mexicana de Ornitología y socia de la Sociedad Mexicana de Zoología y la Mesoamericana y colaborado  en muy diversos proyectos de investigación sobre el estudio, uso y manejo de los vertebrados en ambientes naturales y transformados, además de participar conjuntamente en proyectos internacionales (Instituto de Ecología, Academia de Ciencias, Cuba) y nacionales: sobre el calendario de aves canoras y de ornato, sobre la participación de México en el CITES (D. Gral. Fauna Silvestre, SARH); análisis de las áreas prioritarias de conservación para aves (AICAS) Y del bosque mesófilo (CONABIO); sobre el ordenamiento de un área protegida de Nayarit, en la parte de fauna  silvestres (UAN) así como en el monitoreo de aves de la Reserva de la biosfera de la Barranca de Meztitlán, Hgo. (CONANP). Ha dirigido 19 de licenciatura y 8 de posgrado en la UNAM y una de Maestría en Biología del IPN. Ha participado en diversas ocasiones en los comités tutorialesdel posgrado en la UNAM y del posgrado de Ciencias Ambientales, UJAT.'),
 (4,4,'Fernando','Camacho Rico','email_3@ciencias.unam.mx', 'Maestría', 'Sí','Maestro en Ciencias Biológicas con Orientación en la Restauración Ecológica y Biólogo, ambas por la Facultad de Ciencias de la Universidad Nacional. Desde el 2006 es profesor en la Facultad de Ciencias de la UNAM. Ha colaborado en el desarrollo de estudios de Impacto Ambiental para  distintos sectores productivos, así como para la Comisión Nacional para el Conocimiento y Uso de la Biodiversidad (CONABIO), en el proceso de publicación de varios Estudios de Estatales de Biodiversidad. Se ha desempeñado el puesto de Coordinador de Estrategias de Adaptación al  Cambio Climático, en la Comisión Nacional de Áreas Naturales Protegidas, como Sub director de Cooperación Internacional y actualmente como Director de Estrategias de Cambio Climático, desde donde ha contribuido al diseño de Programas de Adaptación al Cambio Climático para Áreas  Naturales Protegidas y la instrumentación de estrategias de adaptación con fuentes de financiamiento internacionales y nacionales. Cuenta con diversos artículos arbitrados y capítulos de libros, sobre investigación y de difusión.'),
 (5,5,'Jorge','A. Escutia','email_4@ciencias.unam.mx', 'Maestría', 'Sí','Maestro en Ciencias en el área de Biología Ambiental y biólogo, ambos por Facultad de Ciencias, UNAM. Actualmente está adscrito al Jardín Botánico del Instituto de Biología, UNAM. Tiene dos años como docente en la Facultad de ciencias.Tiene experiencia como Ecólogo vegetal, en el  análisis de estructura de vegetación, arquitectura vegetal y análisis microclimático en la Facultad de Ciencias, UNAM y Empresas de gestión ambiental. Ha sido Gestior de Innovación: vinculación academia-empresa, diseño de proyectos, estrategia de financiamiento para la innovación. Empresas de la Ciudad de México y del Estado de México, Facultad de Ciencias y Jardín Botánico UNAM. Ha sido Revisor Acreditado Conacyt, RCEA-06- 27096-2014, Área Agroalimentaria y Biotecnología. Participado en Youth Scientist por parte del XVII Internacional Botanical  Congress. Fue Becario del Programa Estancia de Jóvenes en Empresas del Distrito Federal ICyT DF (ahora SCTIDF) y Programa de Estímulos a la Productividad y al Rendimiento del Personal Académico de Asignatura. Ha dirigido una tesis de licenciatura en FMVZ-UNAM y dos como Revisor de licenciatura Facultad de Ciencias, UNAM.'),
 (6,6,'María Fernanda','Figueroa Díaz Escobar','email_5@ciencias.unam.mx', 'Doctorado', 'Sí','Doctora en Ciencias en el Posgrado en Ciencias Biológicas, UNAM. Tiene una Maestría en Ciencias Ambientales y una Licenciatura en Biología, ambas cursadas en la Facultad de Ciencias, UNAM. Realizó una estancia posdoctoral en el Centro de Investigaciones Interdisciplinarias en Ciencias y Humanidades (UNAM). Es Profesora Asociada C, de Tiempo Completo en la Facultad de Ciencias. Cuenta con más de 10 años de experiencia docente, tanto a nivel licenciatura como en posgrado (en Antropología y en Ciencias Biológicas) y ha participado en diversos diplomados organizados por el (antes) Programa Universitario de Medio Ambiente y la Facultad de Ciencias Políticas y Sociales. Sus líneas de investigación actuales son los procesos sociopolíticos ligados a la conservación de la biodiversidad y al deterioro ambiental (particularmente procesos de deforestación), desde la perspectiva de la ecología política. Forma parte de la Red de Estudios Sociales sobre Medio Ambiente (RESMA) y actualmente desarrolla el proyecto: Análisis socioambiental de la conservación y el deterioro del bosque tropical caducifolio en México, financiado por el Programa de Apoyo a Proyectos de Investigación e Innovación Tecnológica (PAPIIT-UNAM). Ha colaborado y coordinado diversos proyectos de investigación para varias instituciones gubernamentales, como la Comisión Nacional para el Conocimiento y Uso de la Biodiversidad, la Comisión Nacional Forestal y la Comisión Nacional de Áreas Naturales Protegidas. Tiene más de 16 publicaciones, ha participado en 7 jurados para titulación de licenciatura y 2 de posgrado.'),
 (7,7,'Julieta','Jujnovsky Orlandini','email_6@ciencias.unam.mx', 'Doctorado', 'Sí','Doctora en Ciencias con especialidad en manejo de ecosistemas por el Posgrado en Ciencias Biológicas de la UNAM. Tiene una maestría en restauración ecológica por el mismo programa de posgrado y es bióloga de la Facultad de Ciencias. Hizo el posdoctorado en el Laboratorio Nacional de Ciencias de la Sostenibilidad del Instituto de Ecología, UNAM. Tiene 10 años de experiencia docente a nivel licenciatura y posgrado. Actualmente, es profesora de asignatura en la Facultad de Ciencias, además de trabajar en la maestría en Educación Ambiental en la Universidad ORT México. Ha trabajado por más de una década en proyectos de investigación enfocados en gestión ambiental, manejo de ecosistemas, y servicios ecosistémicos hidrológicos, tanto con la UNAM como con instituciones de gobierno como CONAFOR, SEDEMA, Delegación Magdalena  Contreras, SEDUVI, GDF y DGCORENA. En los últimos 10 años ha publicado 4 artículos científicos, 2 artículos de divulgación y ha escrito 4 capítulos de libro. Ha participado en congresos nacionales e internacionales. Ha dirigido 2 tesis de licenciatura y participado como sinodal en exámenes profesionales. También ha formado parte de comités tutoriales de maestría. Es candidata a Investigador Nacional por el Sistema Nacional de Investigadores del CONACyT. Es socia fundadora y directora general del Centro Interdisciplinario para la Sustentabilidad, A.C.'),
 (8,8,'Liliana Itzél','López Olmedo','email_7@ciencias.unam.mx', 'Maestría', 'Sí','Maestra en Ciencias en el área de Biología Ambiental por la Facultad de Ciencias, UNAM y Licenciatura en Biología por la misma Universidad. Tiene 10 años de experiencia docente en la Facultad de Ciencias de la UNAM, en las asignaturas de Ecología y de Recursos Naturales. Cuenta con un certificado como asesora en línea otorgado por la UNAM a través de la CUAED. Ha tomado cursos sobre ordenamiento e impacto ambiental, sobre la dimensión sociopolítica del cambio climático, sobre eco-antropología y planeación estratégica. También ha impartido los temas de Servicios Ambientales, de Recursos Hídricos, de Cambio Climático y de EIA en diplomados y cursos. Participó en el programa sobre separación de residuos sólidos en la delegación de Tlalpan y trabajó como Perito en materia de Impacto Ambiental en el Tribunal Superior de Justicia del Distrito Federal. Obtuvo el primer lugar en el certamen de Tesis de Licenciatura por la  Sociedad Botánica de México. Ha dirigido una tesis de licenciatura y participado como sinodal de 3 exámenes profesionales a nivel de licenciatura y 1 de maestría.'),
 (9,9,'Gloria Irene','Lozano Mascarúa','email_8@ciencias.unam.mx', 'Maestria', 'Sí','Realizó la Maestría en Ciencias Biológicas y la Licenciatura en Biología en la Facultad de Ciencias, UNAM. Cuenta con una Especialización en Gestión y Análisis de Políticas Ambientales, por el INAP-INE. Cursó los Diplomados de Actualización Profesional en Investigación Interdisciplinaria en Educación Ambiental para la Sustentabilidad, del IIESU-CEIICH, UNAM, La Dimensión Ambiental en el Diseño y la Ejecución de Políticas Públicas, PUMA, UNAM y en Evaluación del Impacto Ambiental, Facultad de Arquitectura–Posgrado, División de Educación Continua, UNAM. Tiene más de 10 años como docente a nivel licenciatura, en la carrera de Biología en la Facultad de Ciencias de la UNAM. Es profesora de la asignatura de Recursos Naturales además de laborar como Consultora Ambiental, brindando asesoría y gestión en Licencia Ambiental Única, Declaratorias de Cumplimiento Ambiental, Informe Preventivo, MIA, Capacitación y Educación Ambiental. Actualmente desarrolla una investigación para estructurar un modelo de intervención interdisciplinaria con participación ciudadana en las áreas verdes urbanas de la zona metropolitana de la Ciudad de México, para promover una cultura ambiental además de participar en el grupo de seguimiento y elaboración de la Estrategia Estatal y Plan de Acción de Biodiversidad de la Ciudad de México. Ha brindado asesoría y revisión de proyectos en el Grupo Académico Interdisciplinario Ambiental (GAIA), Torre de Ingeniería, UNAM. En el Instituto Nacional Indigenista, como investigadora y coautora de la Biblioteca de la Medicina Tradicional Mexicana. Ha trabajado en diferentes instituciones de gobierno como: Secretaría del Medio Ambiente, GDF, SAGARPA-FIRCO y CORENADER-SMA- GDF. En las Delegaciones: Milpa Alta, Iztacalco, Iztapalapa, Venustiano Carranza, Benito Juárez, en fundación Xochitla, A.C., brindo asesoría y realizó el diseño de material didáctico para Educación Ambiental. Ha participado como sinodal en 2 exámenes profesionales de licenciatura en biología.'),
 (10,10,'Pedro Alejandro De Jesús','Magaña Melgoza','email_9@ciencias.unam.mx', 'Doctorado', 'Sí','Doctor en Ciencias Biológicas por la UNAM. Tiene una Maestría y una Licenciatura en biología, ambas la Facultad de Ciencias de la UNAM. Es de la Primera Generación del Diplomado “Diseño Ambiental en la elaboración de Políticas  Públicas” por parte del PUMA, diplomado que engloba aspectos interdisciplinarios sociales, ambientales y políticos. Tiene más de 10 años de impartir la materia de Recursos Naturales a nivel Licenciatura en la Facultad Ciencias y de dar clase a nivel Posgrado en la Facultad de Ciencias y el Instituto de Ciencias del Mar y Limnología de las Materias de Ecología, Recursos Naturales, Evaluación Ambiental de Recursos Acuáticos, Biología Ambiental III. Tiene más de 30 años de experiencia, participando y como jefe de Proyecto para patrocinadores como CONAGUA, PEMEX, CFE, GDF, Secretaría de Pesca, Jefe de Proyecto RAM (Responsabilidad Ambiental), por el Instituto de Ingeniería, asesor del Gobierno de DF, en la parte ambiental de la MIA, de la Línea 12 del METRO. Todos los proyectos tienen un componente interdisciplinario. Ha participado con el grupo GAIA de la Facultad de Química en proyectos multidisciplinarios para PEMEX y CONAGUA como asesor en la parte ambiental, Impacto Ambiental y Sustentabilidad. Representante por parte del Instituto de Ingeniería para la elaboración de normas de Marinas y Caudal Ecológico ante la SEMARNAT. Representante por parte del Instituto de Ingeniería en el año Internacional de la Diversidad Biológica. Obtuvo el Premio en el congreso AIDIS Venezuela por el mejor trabajo de un solo autor (1996). PRIDE NIVEL B'),
 (11,11,'Roberto','Márquez Huitzil','email_10@ciencias.unam.mx', 'Maestría', 'Sí','Maestro en Ecología y Manejo de Recursos Naturales por el INECOL, A.C. con Especialidad en Estadística Aplicada (IIMAS, UNAM) y Biólogo de la Facultad de Ciencias de la UNAM. Tiene más de 6 años de impartir la materia de Restauración ecológica y de Recursos Naturales en la Facultad de Ciencias, UNAM. Es consultor e instructor independiente en temas de conservación, Manejo de recursos naturales y Restauración ecológica y ha trabajado para fundaciones, asociaciones civiles y algunas instituciones del gobierno federal. Es Director de Huitzil Restauración de Ecosistemas y Comunidades, A.C. Laboró en el Instituto de Ecología, A. C. para la restauración de canteras. Trabajó como Jefe del Departamento de Restauración Ecológica y, como Subdirector de Conservación de Hábitat y Comunidades, en el INE (actualmente INECC). Ha impartido diversos cursos de capacitación en Restauración ecológica, Conservación y Manejo de Recursos naturales a distintas áreas de la SEMARNAT, gobiernos estatales y GDF y ha participado en 10 comités tutoriales de la Licenciatura en Biología de la Facultad de Ciencias.'),
 (12,12,'Blanca Lilia','Morales Sánchez','email_11@ciencias.unam.mx', 'Maestria', 'Sí','Maestra en Ciencias Biológicas, estudió la Maestría y la Licenciatura en Biología en la Facultad de Ciencias de la UNAM. Realizó su tesis de licenciatura en el Instituto de Investigaciones Biomédicas. Obtuvo un Entrenamiento en Acuacultura en la Universidad de Auburn Alabama EUA. Es Profesora desde 1980, 8 años como ayudante de profesor de la materia de Biología General I. Actualmente imparte la materia de Recursos Naturales. Tiene experiencia en el cultivo de pesquerías y de jaulas flotantes, fue Jefa de Centro Piscícola en Zacatepec, en el Estado de Morelos, desarrolló la producción de híbridos de tilapia. Ha trabajado en diferentes instituciones de gobierno como: Admiración Pública Federal (APF) en la Secretaría de Pesca, en la Dirección General de Acuacultura, En la Jefatura de Oficina en el ISSSTE en el área de investigación hospitalaria, Secretaría del Medio Ambiente, Recursos Naturales y Pesca (SEMARNAP) a cargo del Departamento de Evaluación de Programas de Desarrollo Regional y Comunitarios Sustentables (PRODERS) donde desempeña análisis de programas y líneas para la sustentabilidad, continua en el Sector Medio Ambiental durante 16 años en SEMARNAT en áreas de Planeación Territorial, Ordenamiento Ecológico, Impacto Ambiental, para sustentar criterios ecológicos para el manejo de ecosistemas frágiles que mitigan impactos, al incluirlos en Programas de Ordenamiento Ecológico Marino Costeros. Su experiencia incluye análisis y evaluación de Políticas Ambientales, Normatividad Ambiental y la prevención de pérdida de biodiversidad.'),
 (13,13,'Nathalie Roberte','Chantal Cabirol','email_12@ciencias.unam.mx', 'Maestria', 'Sí','Con un Posdoctorado en Biología Molecular por el Instituto Armand Frappier de Canadá. Tiene un Doctorado en Ecología microbiana ambiental y una Maestría en Biología Celular en Francia. Trabaja en Ecología microbiana aplicada al estudio de sistemas edafológicos y acuáticos, la cual incluye el estudio de los ciclos biogeoquímicos y la microbiología ambiental, junto con las emisiones de gases de efecto invernadero. Manejo sustentable en comunidades rurales. Es Profesor de Carrera Titular A TC, Departamento de Ecología y Recursos Naturales, Facultad de Ciencias de la UNAM. Fue Investigadora Titular A, en la Coordinación Bioprocesos Ambientales en el Instituto de Ingeniería (II) UNAM e Investigadora asociada C, Coordinación Bioprocesos Ambientales, Instituto de Ingeniería (II), UNAM. En los últimos 10 años ha publicado 20 artículos, 2 capítulos de libro, 22 investigaciones en Microbiología, Bioquímica y Ambiental. Ha dirigido 3 Tesis de Doctorado, 3 de Maestría, 10 de Licenciatura y una más en proceso, 16 Servicios Sociales. Ha dado Cátedras diferentes desde 1993 en los temas: Manejo y Tratamiento de Lodos de plantas de aguas residuales, Biología de la remediación, Biología general, Fisiología microbiana, Contaminación ambiental, Recursos naturales, y la formación del Taller Procesos de la Biosfera, Sociedad y Sustentabilidad, nivel Licenciatura, desde 2014, además de participar en 36 Congresos.'),
 (14,14,'Juan Carlos','Peña Becerril','email_13@ciencias.unam.mx', 'Maestria', 'Sí','Maestro en Ciencias, con orientación en Restauración Ecológica, por la Facultad de Ciencias y Licenciatura en Biología en la Facultad de Estudios Superiores Zaragoza, ambos en la UNAM. Su formación profesional ha sido en la interacción hongos del suelo y raíces de las plantas (micorrizas) como una herramienta en la restauración ecológica de ambientes deteriorados. Es profesor de las asignaturas de Ecología I y Recursos Naturales de la carrera de Biología en la Facultad de Ciencias, UNAM y ha impartido la materia de Impacto Ambiental de la carrera de Biología en la Universidad Simón Bolívar. Participó como técnico en el Macroproyecto: Manejo de Ecosistemas y Desarrollo Humano de la UNAM y en la dictaminación de proyectos del Programa de Coinversión Social (PCS) (2014, 2015 y 2016) del Instituto Nacional de Desarrollo Social (Indesol). Fue becario del Instituto de Ciencia y Tecnología del Distrito Federal (ICyTDF) en la empresa Biofábrica Siglo XXI. En 2003 ganó el primer lugar a la Tesis Profesional nivel Licenciatura en el concurso: “Premio AgroBIO México 2003 a la Investigación en Biotecnología Agrícola Cuenta con capítulos de libros y artículos científicos. Ha formado parte del jurado de cuatro tesis de Licenciatura, dos en la Universidad Simón Bolívar y dos en la UNAM.'),
 (15,15,'Gustavo','Pérez Ortiz','email_14@ciencias.unam.mx', 'Maestria', 'Sí','Maestro en Ciencias con especialidad en Restauración Ecológica y Biólogo por la Facultad de Estudios Superiores Zaragoza, UNAM. Se ha enfocado en el estudio del agua desde el conocimiento básico, contaminación química y biológica, hasta el manejo desde el punto de vista del socioecosistema. Tiene 7 años como docente en la Facultad de Ciencias, impartiendo las asignaturas de Biología de Procariontes, Restauración Ecológica y Química del Agua. Así mismo ha participado como facilitador en el Programa de Educación Superior Abierta y a Distancia ESAD-SEP. Colabora desde hace 10 años como Técnico en el Instituto de Ecología, UNAM y se ha desempeñado como consultor en los procesos de tratamiento de agua y evolución de riesgos químicos en piscinas en los últimos 3 años. Ha trabajado en más de 20 proyectos con Instituciones nacionales e internacionales como el IMTA, CONAGUA-INP, INECC, SEMARNAT, GDF, CORENA, UNESCO, COFEPRIS, Instituto Nacional de Salud Pública, Universidad de Michigan, Universidad de Arizona, UNESCO-IHE (Institute for Water Education) entre otras. Ha impartido 5 cursos en la evolución de riesgos en piscinas por trihalometanos. Dirigido una tesis de licenciatura y participado en 3 comités tutórales en la Facultad de Ciencias.'),
 (16,16,'Lydia','Ramírez Martínez','email_15@ciencias.unam.mx', 'Maestria', 'Sí','Maestra en Ciencias Biológicas (Biología Ambiental) por la UNAM, con Licenciatura en Hidrobiología por la UAM-Iztapalapa. Cuenta con dos diplomados: Instrumentos de Política Ambiental y Recursos Naturales e Impacto Ambiental. Es docente de la materia de Recursos Naturales para las licenciaturas en Biología y Ciencias de la tierra en la Facultad de Ciencias de la UNAM y Consultora Ambiental independiente. Actualmente es expositora, ponente, facilitadora en cursos, talleres y diplomados para diversos públicos y niveles. Asesora en capacitación para la conservación incluyendo las temáticas en planeación participativa, diagnóstico y fortalecimiento de la organización comunitaria, género y medio ambiente, resistencia al cambio, derechos humanos y ambientales, pueblos indígenas, cambio climático, recursos naturales, servicios ecosistémicos, sustentabilidad, conservación, impacto ambiental, ecología, bioseguridad y organismos genéticamente modificados, entre otros. Ha sido especialista en desarrollo sustentable, gestión y temática ambiental (estudios de calidad de agua, biodiversidad, planeación de proyectos, diagnósticos y manifestaciones de Impacto Ambiental, participación social, recursos naturales, entre otros). Fue coordinadora administrativa de proyectos ambientales (CONANP/PNUD) Cuenta con diversos reconocimientos: Medalla y Diploma por diez años de servicios académicos en la Facultad de Ciencias, UNAM. Reconocimiento CONANP, se otorga de acuerdo con su Sistema de Evaluación del Desempeño y Diploma y Medalla al Mérito Universitario otorgado por la UAM-Iztapalapa. Ha participado como asesora y sinodal en exámenes profesionales a nivel licenciatura.'),
 (17,17,'Diego Hernán','Valencia Korosi','email_16@ciencias.unam.mx', 'Doctorado', 'Sí','Doctor en Ciencias Ambientales y Maestría en Ciencias por la Universidad de Wollongong, Australia, tiene una Licenciatura en Biología por la Facultad de Ciencias, UNAM. Es Profesor de Asignatura “A” con más de 9 años de experiencia en la Facultad de Ciencias, UNAM donde ha impartido las materias de Biología de Hongos y recientemente Recursos Naturales. Ha trabajado como coordinador de proyectos en desarrollo y turismo sostenible para diversas organizaciones de la sociedad civil en México y Australia entre las que destacan GEA, AC, Proyectos Itinerantes S.A de C.V, así como Paperbark Camp Ltd. Pty (Australia). Es miembro asociado desde 2007 de la organización Colectividad Razonatura, AC donde ha fungido como asesor de proyectos productivos y de conservación de la Biodiversidad en la Ciudad de México, Michoacán y Quintana Roo. Ha impartido diversos cursos de certificación de guías de turismo de naturaleza y aventura avalados por SECTUR-CONANP en diferentes ciudades del país. Ha formado parte de diferentes comités consultivos enfocados en la evaluación de Normas Oficiales Mexicanas para la acreditación de actividades de turismo de naturaleza. Trabajó como gerente de operaciones de COMEPESCA (Consejo Mexicano de Promoción de los Productos Pesqueros y Acuícolas) en la elaboración y seguimiento de campañas de promoción dirigidas a impulsar el consumo de pescados y mariscos mexicanos a nivel nacional. Recientemente trabajó como asistente de investigación para el área de planeación colaborativa del Laboratorio Nacional de Ciencias de la Sostenibilidad en el análisis y evaluación de sistemas socioecológicos complejos y evaluación de impactos ambientales.'),
 (18,18,'Araceli','Vargas Mena y Amezcua','email_17@ciencias.unam.mx', 'Maestria', 'Sí','Maestra en Ciencias en Estudios Urbanos y Planeación en el Instituto Tecnológico de Massachusetts. Cuenta también con la Maestría en Ciencias por el Instituto Internacional de Análisis Espacial y Ciencias de la Tierra de Holanda, con especialidad en Sistemas Productivos y Evaluación de Tierras, tiene una Licenciatura Biología por Facultad de Ciencias, UNAM. Es egresada del Programa de estudios avanzados en Desarrollo y Medio Ambiente (LEAD-México. Cohorte 5) del Colegio de México y del Diplomado en Tecnologías de Información Geográfica en el tema ambiental, impartido por la Escuela Politécnica Federal de Lausana, Suiza. Imparte la materia Planeación Territorial en la carrera Ciencias de la Tierra de la Facultad de Ciencias de la UNAM y Recursos Naturales de la carrera de Biología de la misma Facultad, de 2014 a la fecha. Forma parte de la Junta Directiva del Centro Interdisciplinario de Biodiversidad y Ambiente (CeIBA), Asociación Civil sin fines de lucro, dedicada al análisis de los problemas de mayor relevancia en relación con el medio ambiente, los recursos naturales y la sustentabilidad ambiental del desarrollo. Como servidor público, se ha desempeñado como Directora de Ordenamiento Ecológico en el Instituto Nacional de Ecología (INE) y posteriormente en la SEMARNAT. Directora de Impacto y Riesgo en la Secretaría de Medio Ambiente del Gobierno del D.F. y como asesora del Presidente del INE. Ha trabajado en proyectos de manejo integral de recursos con comunidades campesinas en el estado de Guerrero y como consultora independiente en temas de biodiversidad y sistemas productivos, cambio climático e impacto ambiental de producción de hidrocarburos.');

-- Agregar temas de los trabajos
INSERT INTO public.tema(id, version, nombre)
VALUES
(1,1,'RELACIÓN SOCIEDAD-NATURALEZA'),
(2,2,'PROBLEMATICA AMBIENTAL GLOBAL'),
(3,3,'USO DE RECURSOS NATURALES EN MÉXICO'),
(4,4,'DETERIORO DE LOS RECURSOS NATURALES'),
(5,5,'BIODIVERSIDAD, MANEJO Y CONSERVACIÓN'),
(6,6,'GESTIÓN DE ECOSISTEMAS DE MÉXICO Y SUS RECURSOS');

-- Agregar subtemas de los trabajos
INSERT INTO public.subtema(id, version, nombre, tema_id)
VALUES
(1,1,'De los recursos natulares a los servicios',1),
(2,2,'Ambiente y desarrollo',1),
(3,3,'Desarrolo sustentable',2),
(4,4,'Población y medio ambiente',2),
(5,5,'Cambio global',2),
(6,6,'Cambio climático',2),
(7,7,'Problemática ambiental',2),
(8,8,'Regionalización en México',3),
(9,9,'Agua, usus y problemática',3),
(10,10,'Sectores económicos',3),
(11,11,'Deterioro ambiental',4),
(12,12,'Restauración ambiental',4),
(13,13,'Biodiversidad en México',5),
(14,14,'Conservación de la biodiversidad',5),
(15,15,'Organismos genéticamente modificados',5),
(16,16,'Planificación ambiental',6),
(17,17,'Marco institucional',6),
(18,18,'Participación social',6),
(19,19,'Legislación ambiental',6),
(20,20,'Ordenamiento ecológico',6),
(21,21,'Impacto ambiental',6),
(22,22,'Instrumentos económicos',6);